,t,nS,nE,nI1,nI1p,nI2,nI2p,nL1,nL1p,nL2,nL2p,nT1,nT2,nT3,node
0,0.0,2951,1,0,0,0,0,0,0,0,0,0,0,0,157
1,0.6245648940819981,2951,0,0,1,0,0,0,0,0,0,0,0,0,157
2,0.6787422856092048,2950,1,0,1,0,0,0,0,0,0,0,0,0,116
3,1.3072803340925356,2950,1,0,0,0,0,0,0,0,0,1,0,0,157
4,1.4729971794187675,2951,1,0,0,0,0,0,0,0,0,0,0,0,157
5,2.5211288434247905,2951,0,0,1,0,0,0,0,0,0,0,0,0,116
6,2.6875122702579772,2951,0,0,0,0,0,0,0,0,0,1,0,0,116
