,t,nS,nE,nI1,nI1p,nI2,nI2p,nL1,nL1p,nL2,nL2p,nT1,nT2,nT3,node
0,0.0,2951,1,0,0,0,0,0,0,0,0,0,0,0,1100
1,0.7604772297575334,2951,0,0,1,0,0,0,0,0,0,0,0,0,1100
2,1.5954299584910467,2950,1,0,1,0,0,0,0,0,0,0,0,0,430
3,1.8594446867841685,2950,0,0,2,0,0,0,0,0,0,0,0,0,430
4,2.4297533741212023,2950,0,0,1,0,0,0,0,0,0,1,0,0,430
5,2.489814776837695,2951,0,0,1,0,0,0,0,0,0,0,0,0,430
6,2.752405536598048,2951,0,0,0,0,0,0,0,0,0,1,0,0,1100
