,t,nS,nE,nI1,nI1p,nI2,nI2p,nL1,nL1p,nL2,nL2p,nT1,nT2,nT3,node
0,0.0,2951,1,0,0,0,0,0,0,0,0,0,0,0,1172
1,0.29074459165539396,2951,0,0,1,0,0,0,0,0,0,0,0,0,1172
2,0.4072111262692224,2951,0,0,0,0,1,0,0,0,0,0,0,0,1172
3,2.0299955443524134,2950,1,0,0,0,1,0,0,0,0,0,0,0,2187
4,2.6758012563385187,2950,1,0,0,0,0,0,0,0,0,1,0,0,1172
5,2.7119718574255303,2951,1,0,0,0,0,0,0,0,0,0,0,0,1172
6,2.7214844135006664,2951,0,1,0,0,0,0,0,0,0,0,0,0,2187
7,2.833656838872163,2951,0,0,0,0,0,0,0,0,0,1,0,0,2187
