,t,nS,nE,nI1,nI1p,nI2,nI2p,nL1,nL1p,nL2,nL2p,nT1,nT2,nT3,node
0,0.0,2951,1,0,0,0,0,0,0,0,0,0,0,0,1646
1,0.4946121956336666,2951,0,0,1,0,0,0,0,0,0,0,0,0,1646
2,1.2041119014250419,2950,1,0,1,0,0,0,0,0,0,0,0,0,1382
3,1.5087117614869474,2950,1,0,0,0,0,0,0,0,0,1,0,0,1646
4,1.5450117849163112,2950,0,0,1,0,0,0,0,0,0,1,0,0,1382
5,1.5839980909271993,2951,0,0,1,0,0,0,0,0,0,0,0,0,1646
6,1.9362621791209245,2951,0,0,0,0,0,0,0,0,0,1,0,0,1382
