,t,nS,nE,nI1,nI1p,nI2,nI2p,nL1,nL1p,nL2,nL2p,nT1,nT2,nT3,node
0,0.0,2960,1,0,0,0,0,0,0,0,0,0,0,0,711
1,1.11297756112875,2960,0,0,1,0,0,0,0,0,0,0,0,0,711
2,1.383332986317213,2960,0,0,0,0,0,0,0,0,0,1,0,0,711
