,t,nS,nE,nI1,nI1p,nI2,nI2p,nL1,nL1p,nL2,nL2p,nT1,nT2,nT3,node
0,0.0,2960,1,0,0,0,0,0,0,0,0,0,0,0,2295
1,0.7694088856416431,2960,0,0,1,0,0,0,0,0,0,0,0,0,2295
2,2.9044683167414753,2960,0,0,0,0,0,0,0,0,0,1,0,0,2295
