,t,nS,nE,nI1,nI1p,nI2,nI2p,nL1,nL1p,nL2,nL2p,nT1,nT2,nT3,node
0,0.0,2960,1,0,0,0,0,0,0,0,0,0,0,0,1193
1,0.004103304073706482,2960,0,0,1,0,0,0,0,0,0,0,0,0,1193
2,0.24154029378398648,2959,1,0,1,0,0,0,0,0,0,0,0,0,1432
3,0.6259248169826257,2959,1,0,0,0,0,0,0,0,0,1,0,0,1193
4,0.8418519562685516,2960,1,0,0,0,0,0,0,0,0,0,0,0,1193
5,2.026793990058459,2960,0,1,0,0,0,0,0,0,0,0,0,0,1432
6,2.6423275699418896,2960,0,0,0,0,0,0,0,0,0,1,0,0,1432
