,t,nS,nE,nI1,nI1p,nI2,nI2p,nL1,nL1p,nL2,nL2p,nT1,nT2,nT3,node
0,0.0,2951,1,0,0,0,0,0,0,0,0,0,0,0,70
1,0.31865814922028113,2951,0,0,1,0,0,0,0,0,0,0,0,0,70
2,0.45445105792383567,2951,0,0,0,0,0,0,0,0,0,1,0,0,70
