,t,nS,nE,nI1,nI1p,nI2,nI2p,nL1,nL1p,nL2,nL2p,nT1,nT2,nT3,node
0,0.0,2951,1,0,0,0,0,0,0,0,0,0,0,0,1509
1,0.045849235002673384,2951,0,0,1,0,0,0,0,0,0,0,0,0,1509
2,0.08633950825945594,2951,0,0,0,0,1,0,0,0,0,0,0,0,1509
3,4.184976073863776,2950,1,0,0,0,1,0,0,0,0,0,0,0,170
4,4.63509163834742,2950,0,0,1,0,1,0,0,0,0,0,0,0,170
5,4.74619074024844,2950,0,0,1,0,0,0,0,0,0,1,0,0,1509
6,4.792364381087948,2950,0,0,0,0,1,0,0,0,0,1,0,0,170
7,4.891129360576192,2951,0,0,0,0,1,0,0,0,0,0,0,0,1509
8,6.77894148783418,2951,0,0,0,0,0,0,0,0,0,1,0,0,170
