,t,nS,nE,nI1,nI1p,nI2,nI2p,nL1,nL1p,nL2,nL2p,nT1,nT2,nT3,node
0,0.0,2951,1,0,0,0,0,0,0,0,0,0,0,0,986
1,0.07336224861462307,2951,0,0,1,0,0,0,0,0,0,0,0,0,986
2,0.23801160514125297,2951,0,0,0,0,0,0,0,0,0,1,0,0,986
