,t,nS,nE,nI1,nI1p,nI2,nI2p,nL1,nL1p,nL2,nL2p,nT1,nT2,nT3,node
0,0.0,2951,1,0,0,0,0,0,0,0,0,0,0,0,2241
1,0.6127527447164635,2951,0,0,1,0,0,0,0,0,0,0,0,0,2241
2,1.0327996384338172,2951,0,0,0,0,0,0,0,0,0,1,0,0,2241
